dbus-tools-1.12.8-9.el8.x86_64,rpm,1.12.8,/usr/share/licenses/dbus-tools/COPYING, , , , , , , , , , , , 
unixODBC-devel-2.3.7-1.rh.x86_64,rpm,2.3.7,/usr/include/autotest.h, , , , , , , , , , , , 
unixODBC-devel-2.3.7-1.rh.x86_64,rpm,2.3.7,/usr/include/autotest.h, , , , , , , , , , , , 
unixODBC-devel-2.3.7-1.rh.x86_64,rpm,2.3.7,/usr/include/autotest.h, , , , , , , , , , , , 
unixODBC-devel-2.3.7-1.rh.x86_64,rpm,2.3.7,/usr/include/odbcinst.h, , , , , , , , , , , , 
unixODBC-devel-2.3.7-1.rh.x86_64,rpm,2.3.7,/usr/include/odbcinst.h, , , , , , , , , , , , 
unixODBC-devel-2.3.7-1.rh.x86_64,rpm,2.3.7,/usr/include/odbcinst.h, , , , , , , , , , , , 
unixODBC-devel-2.3.7-1.rh.x86_64,rpm,2.3.7,/usr/include/odbcinstext.h, , , , , , , , , , , , 
unixODBC-devel-2.3.7-1.rh.x86_64,rpm,2.3.7,/usr/include/odbcinstext.h, , , , , , , , , , , , 
unixODBC-devel-2.3.7-1.rh.x86_64,rpm,2.3.7,/usr/include/sqlext.h, , , , , , , , , , , , 
unixODBC-devel-2.3.7-1.rh.x86_64,rpm,2.3.7,/usr/include/sqlext.h, , , , , , , , , , , , 
unixODBC-devel-2.3.7-1.rh.x86_64,rpm,2.3.7,/usr/include/sqlext.h, , , , , , , , , , , , 
unixODBC-devel-2.3.7-1.rh.x86_64,rpm,2.3.7,/usr/include/sqlext.h, , , , , , , , , , , , 
unixODBC-devel-2.3.7-1.rh.x86_64,rpm,2.3.7,/usr/include/sqlext.h, , , , , , , , , , , , 
unixODBC-devel-2.3.7-1.rh.x86_64,rpm,2.3.7,/usr/include/sqlext.h, , , , , , , , , , , , 
unixODBC-devel-2.3.7-1.rh.x86_64,rpm,2.3.7,/usr/include/sqlext.h, , , , , , , , , , , , 
unixODBC-devel-2.3.7-1.rh.x86_64,rpm,2.3.7,/usr/include/sqlext.h, , , , , , , , , , , , 
unixODBC-devel-2.3.7-1.rh.x86_64,rpm,2.3.7,/usr/include/sqlext.h, , , , , , , , , , , , 
unixODBC-devel-2.3.7-1.rh.x86_64,rpm,2.3.7,/usr/include/sqlext.h, , , , , , , , , , , , 
unixODBC-devel-2.3.7-1.rh.x86_64,rpm,2.3.7,/usr/include/sqlext.h, , , , , , , , , , , , 
unixODBC-devel-2.3.7-1.rh.x86_64,rpm,2.3.7,/usr/include/sqlext.h, , , , , , , , , , , , 
unixODBC-devel-2.3.7-1.rh.x86_64,rpm,2.3.7,/usr/include/sqlext.h, , , , , , , , , , , , 
unixODBC-devel-2.3.7-1.rh.x86_64,rpm,2.3.7,/usr/include/sqlext.h, , , , , , , , , , , , 
unixODBC-devel-2.3.7-1.rh.x86_64,rpm,2.3.7,/usr/include/sqlext.h, , , , , , , , , , , , 
unixODBC-devel-2.3.7-1.rh.x86_64,rpm,2.3.7,/usr/include/sqlext.h, , , , , , , , , , , , 
unixODBC-devel-2.3.7-1.rh.x86_64,rpm,2.3.7,/usr/include/sqlext.h, , , , , , , , , , , , 
unixODBC-devel-2.3.7-1.rh.x86_64,rpm,2.3.7,/usr/include/sqlext.h, , , , , , , , , , , , 
unixODBC-devel-2.3.7-1.rh.x86_64,rpm,2.3.7,/usr/include/sqlext.h, , , , , , , , , , , , 
unixODBC-devel-2.3.7-1.rh.x86_64,rpm,2.3.7,/usr/include/sqlext.h, , , , , , , , , , , , 
unixODBC-devel-2.3.7-1.rh.x86_64,rpm,2.3.7,/usr/include/sqlext.h, , , , , , , , , , , , 
unixODBC-devel-2.3.7-1.rh.x86_64,rpm,2.3.7,/usr/include/sqlext.h, , , , , , , , , , , , 
unixODBC-devel-2.3.7-1.rh.x86_64,rpm,2.3.7,/usr/include/sqlext.h, , , , , , , , , , , , 
unixODBC-devel-2.3.7-1.rh.x86_64,rpm,2.3.7,/usr/include/sqlext.h, , , , , , , , , , , , 
unixODBC-devel-2.3.7-1.rh.x86_64,rpm,2.3.7,/usr/include/sqlext.h, , , , , , , , , , , , 
unixODBC-devel-2.3.7-1.rh.x86_64,rpm,2.3.7,/usr/include/sqlext.h, , , , , , , , , , , , 
unixODBC-devel-2.3.7-1.rh.x86_64,rpm,2.3.7,/usr/include/sqlext.h, , , , , , , , , , , , 
unixODBC-devel-2.3.7-1.rh.x86_64,rpm,2.3.7,/usr/include/sqlext.h, , , , , , , , , , , , 
unixODBC-devel-2.3.7-1.rh.x86_64,rpm,2.3.7,/usr/include/sqlucode.h, , , , , , , , , , , , 
unixODBC-devel-2.3.7-1.rh.x86_64,rpm,2.3.7,/usr/include/sqlucode.h, , , , , , , , , , , , 
unixODBC-devel-2.3.7-1.rh.x86_64,rpm,2.3.7,/usr/include/sqlucode.h, , , , , , , , , , , , 
unixODBC-devel-2.3.7-1.rh.x86_64,rpm,2.3.7,/usr/include/sqlucode.h, , , , , , , , , , , , 
unixODBC-devel-2.3.7-1.rh.x86_64,rpm,2.3.7,/usr/include/sqlucode.h, , , , , , , , , , , , 
unixODBC-devel-2.3.7-1.rh.x86_64,rpm,2.3.7,/usr/include/sqlucode.h, , , , , , , , , , , , 
unixODBC-devel-2.3.7-1.rh.x86_64,rpm,2.3.7,/usr/include/sqlucode.h, , , , , , , , , , , , 
unixODBC-devel-2.3.7-1.rh.x86_64,rpm,2.3.7,/usr/include/uodbc_extras.h, , , , , , , , , , , , 
unixODBC-devel-2.3.7-1.rh.x86_64,rpm,2.3.7,/usr/include/uodbc_extras.h, , , , , , , , , , , , 
unixODBC-devel-2.3.7-1.rh.x86_64,rpm,2.3.7,/usr/include/uodbc_extras.h, , , , , , , , , , , , 
unixODBC-devel-2.3.7-1.rh.x86_64,rpm,2.3.7,/usr/include/uodbc_extras.h, , , , , , , , , , , , 
xml-common-0.6.3-50.el8.noarch,rpm,0.6.3,/usr/share/doc/xml-common/COPYING, , , , , , , , , , , , 
xml-common-0.6.3-50.el8.noarch,rpm,0.6.3,/usr/share/doc/xml-common/COPYING, , , , , , , , , , , , 
xml-common-0.6.3-50.el8.noarch,rpm,0.6.3,/usr/share/xml/XMLSchema.dtd, , , , , , , , , , , , 
xml-common-0.6.3-50.el8.noarch,rpm,0.6.3,/usr/share/xml/XMLSchema.dtd, , , , , , , , , , , , 
xml-common-0.6.3-50.el8.noarch,rpm,0.6.3,/usr/share/xml/XMLSchema.dtd, , , , , , , , , , , , 
xml-common-0.6.3-50.el8.noarch,rpm,0.6.3,/usr/share/xml/XMLSchema.dtd, , , , , , , , , , , , 
xml-common-0.6.3-50.el8.noarch,rpm,0.6.3,/usr/share/xml/XMLSchema.dtd, , , , , , , , , , , , 
xml-common-0.6.3-50.el8.noarch,rpm,0.6.3,/usr/share/xml/XMLSchema.dtd, , , , , , , , , , , , 
xml-common-0.6.3-50.el8.noarch,rpm,0.6.3,/usr/share/xml/XMLSchema.dtd, , , , , , , , , , , , 
xml-common-0.6.3-50.el8.noarch,rpm,0.6.3,/usr/share/xml/XMLSchema.dtd, , , , , , , , , , , , 
xml-common-0.6.3-50.el8.noarch,rpm,0.6.3,/usr/share/xml/XMLSchema.dtd, , , , , , , , , , , , 
xml-common-0.6.3-50.el8.noarch,rpm,0.6.3,/usr/share/xml/XMLSchema.dtd, , , , , , , , , , , , 
xml-common-0.6.3-50.el8.noarch,rpm,0.6.3,/usr/share/xml/XMLSchema.dtd, , , , , , , , , , , , 
xml-common-0.6.3-50.el8.noarch,rpm,0.6.3,/usr/share/xml/xml.xsd, , , , , , , , , , , , 
xml-common-0.6.3-50.el8.noarch,rpm,0.6.3,/usr/share/xml/xmldsig-core-schema.xsd, , , , , , , , , , , , 
xml-common-0.6.3-50.el8.noarch,rpm,0.6.3,/usr/share/xml/xmldsig-core-schema.xsd, , , , , , , , , , , , 
xml-common-0.6.3-50.el8.noarch,rpm,0.6.3,/usr/share/xml/xmldsig-core-schema.xsd, , , , , , , , , , , , 
xml-common-0.6.3-50.el8.noarch,rpm,0.6.3,/usr/share/xml/xmldsig-core-schema.xsd, , , , , , , , , , , , 
xml-common-0.6.3-50.el8.noarch,rpm,0.6.3,/usr/share/xml/xmldsig-core-schema.xsd, , , , , , , , , , , , 
xml-common-0.6.3-50.el8.noarch,rpm,0.6.3,/usr/share/xml/xmldsig-core-schema.xsd, , , , , , , , , , , , 
xml-common-0.6.3-50.el8.noarch,rpm,0.6.3,/usr/share/xml/xmldsig-core-schema.xsd, , , , , , , , , , , , 
xml-common-0.6.3-50.el8.noarch,rpm,0.6.3,/usr/share/xml/xmldsig-core-schema.xsd, , , , , , , , , , , , 
xml-common-0.6.3-50.el8.noarch,rpm,0.6.3,/usr/share/xml/xmldsig-core-schema.xsd, , , , , , , , , , , , 
xml-common-0.6.3-50.el8.noarch,rpm,0.6.3,/usr/share/xml/xmldsig-core-schema.xsd, , , , , , , , , , , , 
xml-common-0.6.3-50.el8.noarch,rpm,0.6.3,/usr/share/xml/xmldsig-core-schema.xsd, , , , , , , , , , , , 
xml-common-0.6.3-50.el8.noarch,rpm,0.6.3,/usr/share/xml/xmldsig-core-schema.xsd, , , , , , , , , , , , 
xml-common-0.6.3-50.el8.noarch,rpm,0.6.3,/usr/share/xml/xmldsig-core-schema.xsd, , , , , , , , , , , , 
xml-common-0.6.3-50.el8.noarch,rpm,0.6.3,/usr/share/xml/xmldsig-core-schema.xsd, , , , , , , , , , , , 
xml-common-0.6.3-50.el8.noarch,rpm,0.6.3,/usr/share/xml/xmldsig-core-schema.xsd, , , , , , , , , , , , 
xml-common-0.6.3-50.el8.noarch,rpm,0.6.3,/usr/share/xml/xmldsig-core-schema.xsd, , , , , , , , , , , , 
xml-common-0.6.3-50.el8.noarch,rpm,0.6.3,/usr/share/xml/xmldsig-core-schema.xsd, , , , , , , , , , , , 
xml-common-0.6.3-50.el8.noarch,rpm,0.6.3,/usr/share/xml/xmldsig-core-schema.xsd, , , , , , , , , , , , 
xml-common-0.6.3-50.el8.noarch,rpm,0.6.3,/usr/share/xml/xmldsig-core-schema.xsd, , , , , , , , , , , , 
xml-common-0.6.3-50.el8.noarch,rpm,0.6.3,/usr/share/xml/xmldsig-core-schema.xsd, , , , , , , , , , , , 
xml-common-0.6.3-50.el8.noarch,rpm,0.6.3,/usr/share/xml/xmldsig-core-schema.xsd, , , , , , , , , , , , 
